{
  "Author": "JerryEris",
  "Compatibility": "Compatible",
  "DefuserDifficulty": "Medium",
  "Description": "Determine the highest displayed numbers possible that will make the three-element statement true. Tags: logic, operators, 4-buttons, 3-displays, submit-button, symbols, numbers, displays, buttons",
  "ExpertDifficulty": "Hard",
  "ModuleID": "arithmelogic",
  "Name": "Arithmelogic",
  "Origin": "Mods",
  "Published": "2019-05-03",
  "SortKey": "ARITHMELOGIC",
  "SourceUrl": "https://github.com/JerryArr/Arithmelogic",
  "SteamID": "1731230630",
  "Symbol": "Ah",
  "TwitchPlaysSupport": "Unsupported",
  "Type": "Regular"
}